-- phpMyAdmin SQL Dump
-- version 5.2.0
-- https://www.phpmyadmin.net/
--
-- Host: 127.0.0.1
-- Czas generowania: 05 Lip 2022, 08:36
-- Wersja serwera: 10.4.24-MariaDB
-- Wersja PHP: 8.1.6

SET SQL_MODE = "NO_AUTO_VALUE_ON_ZERO";
START TRANSACTION;
SET time_zone = "+00:00";


/*!40101 SET @OLD_CHARACTER_SET_CLIENT=@@CHARACTER_SET_CLIENT */;
/*!40101 SET @OLD_CHARACTER_SET_RESULTS=@@CHARACTER_SET_RESULTS */;
/*!40101 SET @OLD_COLLATION_CONNECTION=@@COLLATION_CONNECTION */;
/*!40101 SET NAMES utf8mb4 */;

--
-- Baza danych: `xyz`
--

DELIMITER $$
--
-- Procedury
--
CREATE DEFINER=`root`@`localhost` PROCEDURE `wypelnij_kalendarz` (IN `d_od` DATE, IN `d_do` DATE)   BEGIN

INSERT INTO kalendarz (data_k, dzien_t,dzien_n, miesiac, rok, wolne)
SELECT cal.date as data_k, WEEKDAY(cal.date) as dzien_t, 
case 
  when WEEKDAY(cal.date)= 0 then 'Poniedziałek'
  when WEEKDAY(cal.date) = 1 then 'Wtorek'
  when WEEKDAY(cal.date) = 2 then 'Środa'
  when WEEKDAY(cal.date) = 3 then 'Czwartek'
  when WEEKDAY(cal.date) = 4 then 'Piątek'
  when WEEKDAY(cal.date) = 5 then 'Sobota'
  when WEEKDAY(cal.date) = 6 then 'Niedziela'
  else 'Coś nie bangla!!!'
end as dzien_n 
,MONTH(cal.date) as miesiac, YEAR(cal.date) as rok , 
if(WEEKDAY(cal.date) > 4,1,0) as wolne
FROM (
SELECT d_od + INTERVAL c.i* 100 + b.i * 10 + a.i DAY as date 
FROM licznik a JOIN licznik b JOIN licznik c  						--  kartezjan 
ORDER BY  c.i*100 + b.i*10 + a.i) cal
WHERE cal.date BETWEEN d_od AND d_do; 

end$$

DELIMITER ;

-- --------------------------------------------------------

--
-- Struktura tabeli dla tabeli `czaspracy`
--

CREATE TABLE `czaspracy` (
  `ID_C` int(11) NOT NULL,
  `ID_P` int(11) NOT NULL,
  `Data` date NOT NULL DEFAULT current_timestamp(),
  `Czas` int(11) NOT NULL,
  `Kto_wpisal` int(11) NOT NULL,
  `Data_wpisu` timestamp NOT NULL DEFAULT current_timestamp()
) ENGINE=InnoDB DEFAULT CHARSET=utf8;

--
-- Zrzut danych tabeli `czaspracy`
--

INSERT INTO `czaspracy` (`ID_C`, `ID_P`, `Data`, `Czas`, `Kto_wpisal`, `Data_wpisu`) VALUES
(1, 1, '2022-06-22', 8, 3, '2022-06-28 08:31:30'),
(2, 7, '2022-06-28', 8, 1, '2022-06-28 09:01:22'),
(3, 8, '2022-06-28', 8, 1, '2022-06-28 09:01:38'),
(4, 10, '2022-06-28', 8, 1, '2022-06-28 09:01:38'),
(5, 2, '2022-06-28', 8, 1, '2022-06-28 09:01:38'),
(7, 8, '2022-06-29', 8, 1, '2022-06-28 09:03:03'),
(8, 7, '2022-06-29', 8, 1, '2022-06-28 09:03:03'),
(9, 3, '2022-06-29', 8, 1, '2022-06-28 09:03:03'),
(10, 11, '2022-06-29', 8, 1, '2022-06-28 09:03:03'),
(11, 10, '2022-06-29', 8, 1, '2022-06-28 09:03:03'),
(12, 4, '2022-06-29', 8, 1, '2022-06-28 09:03:03'),
(13, 2, '2022-06-29', 8, 1, '2022-06-28 09:03:04'),
(14, 6, '2022-06-29', 8, 1, '2022-06-28 09:03:04'),
(15, 5, '2022-06-29', 8, 1, '2022-06-28 09:03:04'),
(16, 9, '2022-06-29', 8, 1, '2022-06-28 09:03:04'),
(17, 1, '2022-06-29', 8, 1, '2022-06-28 09:03:04'),
(18, 9, '2022-06-28', 8, 1, '2022-06-28 09:03:22'),
(19, 1, '2022-06-28', 8, 1, '2022-06-28 09:03:40'),
(25, 2, '2022-06-30', 15, 1, '2022-06-28 09:13:28'),
(26, 8, '2022-06-30', 5, 1, '2022-06-28 09:16:50'),
(27, 10, '2022-06-30', 5, 1, '2022-06-28 09:16:50'),
(28, 6, '2022-06-30', 5, 1, '2022-06-28 09:16:50'),
(29, 9, '2022-06-30', 5, 1, '2022-06-28 09:16:51'),
(30, 1, '2022-06-30', 5, 1, '2022-06-28 09:16:51'),
(31, 8, '2022-07-01', 8, 1, '2022-06-28 09:26:07'),
(32, 3, '2022-07-01', 8, 1, '2022-06-28 09:26:07'),
(33, 9, '2022-07-01', 8, 1, '2022-06-28 09:26:07'),
(37, 8, '2022-08-28', 8, 1, '2022-06-28 11:40:48'),
(38, 7, '2022-08-28', 8, 1, '2022-06-28 11:40:48'),
(39, 3, '2022-08-28', 8, 1, '2022-06-28 11:40:48'),
(40, 11, '2022-08-28', 8, 1, '2022-06-28 11:40:48'),
(41, 10, '2022-08-28', 8, 1, '2022-06-28 11:40:48'),
(42, 4, '2022-08-28', 8, 1, '2022-06-28 11:40:48'),
(43, 2, '2022-08-28', 8, 1, '2022-06-28 11:40:48'),
(44, 6, '2022-08-28', 8, 1, '2022-06-28 11:40:48'),
(45, 5, '2022-08-28', 8, 1, '2022-06-28 11:40:48'),
(46, 9, '2022-08-28', 8, 1, '2022-06-28 11:40:48'),
(47, 1, '2022-08-28', 8, 1, '2022-06-28 11:40:48'),
(48, 8, '2022-08-02', 9, 1, '2022-06-28 11:41:18'),
(49, 7, '2022-08-02', 9, 1, '2022-06-28 11:41:18'),
(50, 3, '2022-08-02', 9, 1, '2022-06-28 11:41:18'),
(51, 11, '2022-08-02', 9, 1, '2022-06-28 11:41:19'),
(52, 10, '2022-08-02', 9, 1, '2022-06-28 11:41:19'),
(53, 4, '2022-08-02', 9, 1, '2022-06-28 11:41:19'),
(54, 2, '2022-08-02', 9, 1, '2022-06-28 11:41:19'),
(55, 6, '2022-08-02', 9, 1, '2022-06-28 11:41:19'),
(56, 5, '2022-08-02', 9, 1, '2022-06-28 11:41:19'),
(57, 9, '2022-08-02', 9, 1, '2022-06-28 11:41:19'),
(58, 1, '2022-08-02', 9, 1, '2022-06-28 11:41:19'),
(81, 8, '2022-11-29', 8, 1, '2022-06-28 11:52:05'),
(82, 7, '2022-11-29', 8, 1, '2022-06-28 11:52:05'),
(83, 3, '2022-11-29', 8, 1, '2022-06-28 11:52:05'),
(84, 10, '2022-11-29', 8, 1, '2022-06-28 11:52:06'),
(85, 4, '2022-11-29', 8, 1, '2022-06-28 11:52:06'),
(86, 6, '2022-11-29', 8, 1, '2022-06-28 11:52:06'),
(87, 5, '2022-11-29', 8, 1, '2022-06-28 11:52:06'),
(88, 9, '2022-11-29', 8, 1, '2022-06-28 11:52:06'),
(89, 1, '2022-11-29', 8, 1, '2022-06-28 11:52:06'),
(92, 4, '2022-07-10', 8, 16, '2022-06-28 12:13:05'),
(94, 1, '2022-07-29', 7, 16, '2022-06-28 12:14:15'),
(95, 8, '2022-07-08', 8, 16, '2022-06-29 07:36:33'),
(96, 7, '2022-07-08', 8, 16, '2022-06-29 07:36:33'),
(97, 3, '2022-07-08', 8, 16, '2022-06-29 07:36:33'),
(98, 11, '2022-07-08', 8, 16, '2022-06-29 07:36:33'),
(99, 10, '2022-07-08', 8, 16, '2022-06-29 07:36:33'),
(100, 4, '2022-07-08', 8, 16, '2022-06-29 07:36:33'),
(101, 2, '2022-07-08', 8, 16, '2022-06-29 07:36:34'),
(102, 6, '2022-07-08', 8, 16, '2022-06-29 07:36:34'),
(103, 5, '2022-07-08', 8, 16, '2022-06-29 07:36:34'),
(104, 9, '2022-07-08', 8, 16, '2022-06-29 07:36:34'),
(105, 1, '2022-07-08', 8, 16, '2022-06-29 07:36:34'),
(106, 3, '2022-06-30', 8, 16, '2022-06-29 12:47:22');

-- --------------------------------------------------------

--
-- Zastąpiona struktura widoku `czas_lista`
-- (Zobacz poniżej rzeczywisty widok)
--
CREATE TABLE `czas_lista` (
`id_c` int(11)
,`id_u` int(11)
,`id_p` int(11)
,`id_n` int(11)
,`imie` varchar(30)
,`nazwisko` varchar(30)
,`data` date
,`czas` int(11)
,`miesiac` int(2)
,`rok` int(4)
,`Notatka` text
);

-- --------------------------------------------------------

--
-- Zastąpiona struktura widoku `czas_lista_s`
-- (Zobacz poniżej rzeczywisty widok)
--
CREATE TABLE `czas_lista_s` (
`ID_P` int(11)
,`imie` varchar(30)
,`nazwisko` varchar(30)
,`miesiac` int(2)
,`rok` int(4)
,`czas` decimal(32,0)
);

-- --------------------------------------------------------

--
-- Struktura tabeli dla tabeli `kalendarz`
--

CREATE TABLE `kalendarz` (
  `data_k` date NOT NULL DEFAULT '2022-01-01',
  `dzien_t` int(2) UNSIGNED NOT NULL DEFAULT 1,
  `dzien_n` varchar(15) NOT NULL,
  `miesiac` int(2) UNSIGNED NOT NULL DEFAULT 1,
  `rok` int(4) UNSIGNED NOT NULL DEFAULT 2000,
  `wolne` int(1) NOT NULL,
  `info` varchar(100) NOT NULL
) ENGINE=InnoDB DEFAULT CHARSET=utf8;

--
-- Zrzut danych tabeli `kalendarz`
--

INSERT INTO `kalendarz` (`data_k`, `dzien_t`, `dzien_n`, `miesiac`, `rok`, `wolne`, `info`) VALUES
('2022-01-01', 5, 'Sobota', 1, 2022, 1, ''),
('2022-01-02', 6, 'Niedziela', 1, 2022, 1, ''),
('2022-01-03', 0, 'Poniedziałek', 1, 2022, 0, ''),
('2022-01-04', 1, 'Wtorek', 1, 2022, 0, ''),
('2022-01-05', 2, 'Środa', 1, 2022, 0, ''),
('2022-01-06', 3, 'Czwartek', 1, 2022, 0, ''),
('2022-01-07', 4, 'Piątek', 1, 2022, 0, ''),
('2022-01-08', 5, 'Sobota', 1, 2022, 1, ''),
('2022-01-09', 6, 'Niedziela', 1, 2022, 1, ''),
('2022-01-10', 0, 'Poniedziałek', 1, 2022, 0, ''),
('2022-01-11', 1, 'Wtorek', 1, 2022, 0, ''),
('2022-01-12', 2, 'Środa', 1, 2022, 0, ''),
('2022-01-13', 3, 'Czwartek', 1, 2022, 0, ''),
('2022-01-14', 4, 'Piątek', 1, 2022, 0, ''),
('2022-01-15', 5, 'Sobota', 1, 2022, 1, ''),
('2022-01-16', 6, 'Niedziela', 1, 2022, 1, ''),
('2022-01-17', 0, 'Poniedziałek', 1, 2022, 0, ''),
('2022-01-18', 1, 'Wtorek', 1, 2022, 0, ''),
('2022-01-19', 2, 'Środa', 1, 2022, 0, ''),
('2022-01-20', 3, 'Czwartek', 1, 2022, 0, ''),
('2022-01-21', 4, 'Piątek', 1, 2022, 0, ''),
('2022-01-22', 5, 'Sobota', 1, 2022, 1, ''),
('2022-01-23', 6, 'Niedziela', 1, 2022, 1, ''),
('2022-01-24', 0, 'Poniedziałek', 1, 2022, 0, ''),
('2022-01-25', 1, 'Wtorek', 1, 2022, 0, ''),
('2022-01-26', 2, 'Środa', 1, 2022, 0, ''),
('2022-01-27', 3, 'Czwartek', 1, 2022, 0, ''),
('2022-01-28', 4, 'Piątek', 1, 2022, 0, ''),
('2022-01-29', 5, 'Sobota', 1, 2022, 1, ''),
('2022-01-30', 6, 'Niedziela', 1, 2022, 1, ''),
('2022-01-31', 0, 'Poniedziałek', 1, 2022, 0, ''),
('2022-02-01', 1, 'Wtorek', 2, 2022, 0, ''),
('2022-02-02', 2, 'Środa', 2, 2022, 0, ''),
('2022-02-03', 3, 'Czwartek', 2, 2022, 0, ''),
('2022-02-04', 4, 'Piątek', 2, 2022, 0, ''),
('2022-02-05', 5, 'Sobota', 2, 2022, 1, ''),
('2022-02-06', 6, 'Niedziela', 2, 2022, 1, ''),
('2022-02-07', 0, 'Poniedziałek', 2, 2022, 0, ''),
('2022-02-08', 1, 'Wtorek', 2, 2022, 0, ''),
('2022-02-09', 2, 'Środa', 2, 2022, 0, ''),
('2022-02-10', 3, 'Czwartek', 2, 2022, 0, ''),
('2022-02-11', 4, 'Piątek', 2, 2022, 0, ''),
('2022-02-12', 5, 'Sobota', 2, 2022, 1, ''),
('2022-02-13', 6, 'Niedziela', 2, 2022, 1, ''),
('2022-02-14', 0, 'Poniedziałek', 2, 2022, 0, ''),
('2022-02-15', 1, 'Wtorek', 2, 2022, 0, ''),
('2022-02-16', 2, 'Środa', 2, 2022, 0, ''),
('2022-02-17', 3, 'Czwartek', 2, 2022, 0, ''),
('2022-02-18', 4, 'Piątek', 2, 2022, 0, ''),
('2022-02-19', 5, 'Sobota', 2, 2022, 1, ''),
('2022-02-20', 6, 'Niedziela', 2, 2022, 1, ''),
('2022-02-21', 0, 'Poniedziałek', 2, 2022, 0, ''),
('2022-02-22', 1, 'Wtorek', 2, 2022, 0, ''),
('2022-02-23', 2, 'Środa', 2, 2022, 0, ''),
('2022-02-24', 3, 'Czwartek', 2, 2022, 0, ''),
('2022-02-25', 4, 'Piątek', 2, 2022, 0, ''),
('2022-02-26', 5, 'Sobota', 2, 2022, 1, ''),
('2022-02-27', 6, 'Niedziela', 2, 2022, 1, ''),
('2022-02-28', 0, 'Poniedziałek', 2, 2022, 0, ''),
('2022-03-01', 1, 'Wtorek', 3, 2022, 0, ''),
('2022-03-02', 2, 'Środa', 3, 2022, 0, ''),
('2022-03-03', 3, 'Czwartek', 3, 2022, 0, ''),
('2022-03-04', 4, 'Piątek', 3, 2022, 0, ''),
('2022-03-05', 5, 'Sobota', 3, 2022, 1, ''),
('2022-03-06', 6, 'Niedziela', 3, 2022, 1, ''),
('2022-03-07', 0, 'Poniedziałek', 3, 2022, 0, ''),
('2022-03-08', 1, 'Wtorek', 3, 2022, 0, ''),
('2022-03-09', 2, 'Środa', 3, 2022, 0, ''),
('2022-03-10', 3, 'Czwartek', 3, 2022, 0, ''),
('2022-03-11', 4, 'Piątek', 3, 2022, 0, ''),
('2022-03-12', 5, 'Sobota', 3, 2022, 1, ''),
('2022-03-13', 6, 'Niedziela', 3, 2022, 1, ''),
('2022-03-14', 0, 'Poniedziałek', 3, 2022, 0, ''),
('2022-03-15', 1, 'Wtorek', 3, 2022, 0, ''),
('2022-03-16', 2, 'Środa', 3, 2022, 0, ''),
('2022-03-17', 3, 'Czwartek', 3, 2022, 0, ''),
('2022-03-18', 4, 'Piątek', 3, 2022, 0, ''),
('2022-03-19', 5, 'Sobota', 3, 2022, 1, ''),
('2022-03-20', 6, 'Niedziela', 3, 2022, 1, ''),
('2022-03-21', 0, 'Poniedziałek', 3, 2022, 0, ''),
('2022-03-22', 1, 'Wtorek', 3, 2022, 0, ''),
('2022-03-23', 2, 'Środa', 3, 2022, 0, ''),
('2022-03-24', 3, 'Czwartek', 3, 2022, 0, ''),
('2022-03-25', 4, 'Piątek', 3, 2022, 0, ''),
('2022-03-26', 5, 'Sobota', 3, 2022, 1, ''),
('2022-03-27', 6, 'Niedziela', 3, 2022, 1, ''),
('2022-03-28', 0, 'Poniedziałek', 3, 2022, 0, ''),
('2022-03-29', 1, 'Wtorek', 3, 2022, 0, ''),
('2022-03-30', 2, 'Środa', 3, 2022, 0, ''),
('2022-03-31', 3, 'Czwartek', 3, 2022, 0, ''),
('2022-04-01', 4, 'Piątek', 4, 2022, 0, ''),
('2022-04-02', 5, 'Sobota', 4, 2022, 1, ''),
('2022-04-03', 6, 'Niedziela', 4, 2022, 1, ''),
('2022-04-04', 0, 'Poniedziałek', 4, 2022, 0, ''),
('2022-04-05', 1, 'Wtorek', 4, 2022, 0, ''),
('2022-04-06', 2, 'Środa', 4, 2022, 0, ''),
('2022-04-07', 3, 'Czwartek', 4, 2022, 0, ''),
('2022-04-08', 4, 'Piątek', 4, 2022, 0, ''),
('2022-04-09', 5, 'Sobota', 4, 2022, 1, ''),
('2022-04-10', 6, 'Niedziela', 4, 2022, 1, ''),
('2022-04-11', 0, 'Poniedziałek', 4, 2022, 0, ''),
('2022-04-12', 1, 'Wtorek', 4, 2022, 0, ''),
('2022-04-13', 2, 'Środa', 4, 2022, 0, ''),
('2022-04-14', 3, 'Czwartek', 4, 2022, 0, ''),
('2022-04-15', 4, 'Piątek', 4, 2022, 0, ''),
('2022-04-16', 5, 'Sobota', 4, 2022, 1, ''),
('2022-04-17', 6, 'Niedziela', 4, 2022, 1, ''),
('2022-04-18', 0, 'Poniedziałek', 4, 2022, 0, ''),
('2022-04-19', 1, 'Wtorek', 4, 2022, 0, ''),
('2022-04-20', 2, 'Środa', 4, 2022, 0, ''),
('2022-04-21', 3, 'Czwartek', 4, 2022, 0, ''),
('2022-04-22', 4, 'Piątek', 4, 2022, 0, ''),
('2022-04-23', 5, 'Sobota', 4, 2022, 1, ''),
('2022-04-24', 6, 'Niedziela', 4, 2022, 1, ''),
('2022-04-25', 0, 'Poniedziałek', 4, 2022, 0, ''),
('2022-04-26', 1, 'Wtorek', 4, 2022, 0, ''),
('2022-04-27', 2, 'Środa', 4, 2022, 0, ''),
('2022-04-28', 3, 'Czwartek', 4, 2022, 0, ''),
('2022-04-29', 4, 'Piątek', 4, 2022, 0, ''),
('2022-04-30', 5, 'Sobota', 4, 2022, 1, ''),
('2022-05-01', 6, 'Niedziela', 5, 2022, 1, ''),
('2022-05-02', 0, 'Poniedziałek', 5, 2022, 0, ''),
('2022-05-03', 1, 'Wtorek', 5, 2022, 0, ''),
('2022-05-04', 2, 'Środa', 5, 2022, 0, ''),
('2022-05-05', 3, 'Czwartek', 5, 2022, 0, ''),
('2022-05-06', 4, 'Piątek', 5, 2022, 0, ''),
('2022-05-07', 5, 'Sobota', 5, 2022, 1, ''),
('2022-05-08', 6, 'Niedziela', 5, 2022, 1, ''),
('2022-05-09', 0, 'Poniedziałek', 5, 2022, 0, ''),
('2022-05-10', 1, 'Wtorek', 5, 2022, 0, ''),
('2022-05-11', 2, 'Środa', 5, 2022, 0, ''),
('2022-05-12', 3, 'Czwartek', 5, 2022, 0, ''),
('2022-05-13', 4, 'Piątek', 5, 2022, 0, ''),
('2022-05-14', 5, 'Sobota', 5, 2022, 1, ''),
('2022-05-15', 6, 'Niedziela', 5, 2022, 1, ''),
('2022-05-16', 0, 'Poniedziałek', 5, 2022, 0, ''),
('2022-05-17', 1, 'Wtorek', 5, 2022, 0, ''),
('2022-05-18', 2, 'Środa', 5, 2022, 0, ''),
('2022-05-19', 3, 'Czwartek', 5, 2022, 0, ''),
('2022-05-20', 4, 'Piątek', 5, 2022, 0, ''),
('2022-05-21', 5, 'Sobota', 5, 2022, 1, ''),
('2022-05-22', 6, 'Niedziela', 5, 2022, 1, ''),
('2022-05-23', 0, 'Poniedziałek', 5, 2022, 0, ''),
('2022-05-24', 1, 'Wtorek', 5, 2022, 0, ''),
('2022-05-25', 2, 'Środa', 5, 2022, 0, ''),
('2022-05-26', 3, 'Czwartek', 5, 2022, 0, ''),
('2022-05-27', 4, 'Piątek', 5, 2022, 0, ''),
('2022-05-28', 5, 'Sobota', 5, 2022, 1, ''),
('2022-05-29', 6, 'Niedziela', 5, 2022, 1, ''),
('2022-05-30', 0, 'Poniedziałek', 5, 2022, 0, ''),
('2022-05-31', 1, 'Wtorek', 5, 2022, 0, ''),
('2022-06-01', 2, 'Środa', 6, 2022, 0, ''),
('2022-06-02', 3, 'Czwartek', 6, 2022, 0, ''),
('2022-06-03', 4, 'Piątek', 6, 2022, 0, ''),
('2022-06-04', 5, 'Sobota', 6, 2022, 1, ''),
('2022-06-05', 6, 'Niedziela', 6, 2022, 1, ''),
('2022-06-06', 0, 'Poniedziałek', 6, 2022, 0, ''),
('2022-06-07', 1, 'Wtorek', 6, 2022, 0, ''),
('2022-06-08', 2, 'Środa', 6, 2022, 0, ''),
('2022-06-09', 3, 'Czwartek', 6, 2022, 0, ''),
('2022-06-10', 4, 'Piątek', 6, 2022, 0, ''),
('2022-06-11', 5, 'Sobota', 6, 2022, 1, ''),
('2022-06-12', 6, 'Niedziela', 6, 2022, 1, ''),
('2022-06-13', 0, 'Poniedziałek', 6, 2022, 0, ''),
('2022-06-14', 1, 'Wtorek', 6, 2022, 0, ''),
('2022-06-15', 2, 'Środa', 6, 2022, 0, ''),
('2022-06-16', 3, 'Czwartek', 6, 2022, 0, ''),
('2022-06-17', 4, 'Piątek', 6, 2022, 0, ''),
('2022-06-18', 5, 'Sobota', 6, 2022, 1, ''),
('2022-06-19', 6, 'Niedziela', 6, 2022, 1, ''),
('2022-06-20', 0, 'Poniedziałek', 6, 2022, 0, ''),
('2022-06-21', 1, 'Wtorek', 6, 2022, 0, ''),
('2022-06-22', 2, 'Środa', 6, 2022, 0, ''),
('2022-06-23', 3, 'Czwartek', 6, 2022, 0, ''),
('2022-06-24', 4, 'Piątek', 6, 2022, 0, ''),
('2022-06-25', 5, 'Sobota', 6, 2022, 1, ''),
('2022-06-26', 6, 'Niedziela', 6, 2022, 1, ''),
('2022-06-27', 0, 'Poniedziałek', 6, 2022, 0, ''),
('2022-06-28', 1, 'Wtorek', 6, 2022, 0, ''),
('2022-06-29', 2, 'Środa', 6, 2022, 0, ''),
('2022-06-30', 3, 'Czwartek', 6, 2022, 0, ''),
('2022-07-01', 4, 'Piątek', 7, 2022, 0, ''),
('2022-07-02', 5, 'Sobota', 7, 2022, 1, ''),
('2022-07-03', 6, 'Niedziela', 7, 2022, 1, ''),
('2022-07-04', 0, 'Poniedziałek', 7, 2022, 0, ''),
('2022-07-05', 1, 'Wtorek', 7, 2022, 0, ''),
('2022-07-06', 2, 'Środa', 7, 2022, 0, ''),
('2022-07-07', 3, 'Czwartek', 7, 2022, 0, ''),
('2022-07-08', 4, 'Piątek', 7, 2022, 0, ''),
('2022-07-09', 5, 'Sobota', 7, 2022, 1, ''),
('2022-07-10', 6, 'Niedziela', 7, 2022, 1, ''),
('2022-07-11', 0, 'Poniedziałek', 7, 2022, 0, ''),
('2022-07-12', 1, 'Wtorek', 7, 2022, 0, ''),
('2022-07-13', 2, 'Środa', 7, 2022, 0, ''),
('2022-07-14', 3, 'Czwartek', 7, 2022, 0, ''),
('2022-07-15', 4, 'Piątek', 7, 2022, 0, ''),
('2022-07-16', 5, 'Sobota', 7, 2022, 1, ''),
('2022-07-17', 6, 'Niedziela', 7, 2022, 1, ''),
('2022-07-18', 0, 'Poniedziałek', 7, 2022, 0, ''),
('2022-07-19', 1, 'Wtorek', 7, 2022, 0, ''),
('2022-07-20', 2, 'Środa', 7, 2022, 0, ''),
('2022-07-21', 3, 'Czwartek', 7, 2022, 0, ''),
('2022-07-22', 4, 'Piątek', 7, 2022, 0, ''),
('2022-07-23', 5, 'Sobota', 7, 2022, 1, ''),
('2022-07-24', 6, 'Niedziela', 7, 2022, 1, ''),
('2022-07-25', 0, 'Poniedziałek', 7, 2022, 0, ''),
('2022-07-26', 1, 'Wtorek', 7, 2022, 0, ''),
('2022-07-27', 2, 'Środa', 7, 2022, 0, ''),
('2022-07-28', 3, 'Czwartek', 7, 2022, 0, ''),
('2022-07-29', 4, 'Piątek', 7, 2022, 0, ''),
('2022-07-30', 5, 'Sobota', 7, 2022, 1, ''),
('2022-07-31', 6, 'Niedziela', 7, 2022, 1, ''),
('2022-08-01', 0, 'Poniedziałek', 8, 2022, 0, ''),
('2022-08-02', 1, 'Wtorek', 8, 2022, 0, ''),
('2022-08-03', 2, 'Środa', 8, 2022, 0, ''),
('2022-08-04', 3, 'Czwartek', 8, 2022, 0, ''),
('2022-08-05', 4, 'Piątek', 8, 2022, 0, ''),
('2022-08-06', 5, 'Sobota', 8, 2022, 1, ''),
('2022-08-07', 6, 'Niedziela', 8, 2022, 1, ''),
('2022-08-08', 0, 'Poniedziałek', 8, 2022, 0, ''),
('2022-08-09', 1, 'Wtorek', 8, 2022, 0, ''),
('2022-08-10', 2, 'Środa', 8, 2022, 0, ''),
('2022-08-11', 3, 'Czwartek', 8, 2022, 0, ''),
('2022-08-12', 4, 'Piątek', 8, 2022, 0, ''),
('2022-08-13', 5, 'Sobota', 8, 2022, 1, ''),
('2022-08-14', 6, 'Niedziela', 8, 2022, 1, ''),
('2022-08-15', 0, 'Poniedziałek', 8, 2022, 0, ''),
('2022-08-16', 1, 'Wtorek', 8, 2022, 0, ''),
('2022-08-17', 2, 'Środa', 8, 2022, 0, ''),
('2022-08-18', 3, 'Czwartek', 8, 2022, 0, ''),
('2022-08-19', 4, 'Piątek', 8, 2022, 0, ''),
('2022-08-20', 5, 'Sobota', 8, 2022, 1, ''),
('2022-08-21', 6, 'Niedziela', 8, 2022, 1, ''),
('2022-08-22', 0, 'Poniedziałek', 8, 2022, 0, ''),
('2022-08-23', 1, 'Wtorek', 8, 2022, 0, ''),
('2022-08-24', 2, 'Środa', 8, 2022, 0, ''),
('2022-08-25', 3, 'Czwartek', 8, 2022, 0, ''),
('2022-08-26', 4, 'Piątek', 8, 2022, 0, ''),
('2022-08-27', 5, 'Sobota', 8, 2022, 1, ''),
('2022-08-28', 6, 'Niedziela', 8, 2022, 1, ''),
('2022-08-29', 0, 'Poniedziałek', 8, 2022, 0, ''),
('2022-08-30', 1, 'Wtorek', 8, 2022, 0, ''),
('2022-08-31', 2, 'Środa', 8, 2022, 0, ''),
('2022-09-01', 3, 'Czwartek', 9, 2022, 0, ''),
('2022-09-02', 4, 'Piątek', 9, 2022, 0, ''),
('2022-09-03', 5, 'Sobota', 9, 2022, 1, ''),
('2022-09-04', 6, 'Niedziela', 9, 2022, 1, ''),
('2022-09-05', 0, 'Poniedziałek', 9, 2022, 0, ''),
('2022-09-06', 1, 'Wtorek', 9, 2022, 0, ''),
('2022-09-07', 2, 'Środa', 9, 2022, 0, ''),
('2022-09-08', 3, 'Czwartek', 9, 2022, 0, ''),
('2022-09-09', 4, 'Piątek', 9, 2022, 0, ''),
('2022-09-10', 5, 'Sobota', 9, 2022, 1, ''),
('2022-09-11', 6, 'Niedziela', 9, 2022, 1, ''),
('2022-09-12', 0, 'Poniedziałek', 9, 2022, 0, ''),
('2022-09-13', 1, 'Wtorek', 9, 2022, 0, ''),
('2022-09-14', 2, 'Środa', 9, 2022, 0, ''),
('2022-09-15', 3, 'Czwartek', 9, 2022, 0, ''),
('2022-09-16', 4, 'Piątek', 9, 2022, 0, ''),
('2022-09-17', 5, 'Sobota', 9, 2022, 1, ''),
('2022-09-18', 6, 'Niedziela', 9, 2022, 1, ''),
('2022-09-19', 0, 'Poniedziałek', 9, 2022, 0, ''),
('2022-09-20', 1, 'Wtorek', 9, 2022, 0, ''),
('2022-09-21', 2, 'Środa', 9, 2022, 0, ''),
('2022-09-22', 3, 'Czwartek', 9, 2022, 0, ''),
('2022-09-23', 4, 'Piątek', 9, 2022, 0, ''),
('2022-09-24', 5, 'Sobota', 9, 2022, 1, ''),
('2022-09-25', 6, 'Niedziela', 9, 2022, 1, ''),
('2022-09-26', 0, 'Poniedziałek', 9, 2022, 0, ''),
('2022-09-27', 1, 'Wtorek', 9, 2022, 0, ''),
('2022-09-28', 2, 'Środa', 9, 2022, 0, ''),
('2022-09-29', 3, 'Czwartek', 9, 2022, 0, ''),
('2022-09-30', 4, 'Piątek', 9, 2022, 0, ''),
('2022-10-01', 5, 'Sobota', 10, 2022, 1, ''),
('2022-10-02', 6, 'Niedziela', 10, 2022, 1, ''),
('2022-10-03', 0, 'Poniedziałek', 10, 2022, 0, ''),
('2022-10-04', 1, 'Wtorek', 10, 2022, 0, ''),
('2022-10-05', 2, 'Środa', 10, 2022, 0, ''),
('2022-10-06', 3, 'Czwartek', 10, 2022, 0, ''),
('2022-10-07', 4, 'Piątek', 10, 2022, 0, ''),
('2022-10-08', 5, 'Sobota', 10, 2022, 1, ''),
('2022-10-09', 6, 'Niedziela', 10, 2022, 1, ''),
('2022-10-10', 0, 'Poniedziałek', 10, 2022, 0, ''),
('2022-10-11', 1, 'Wtorek', 10, 2022, 0, ''),
('2022-10-12', 2, 'Środa', 10, 2022, 0, ''),
('2022-10-13', 3, 'Czwartek', 10, 2022, 0, ''),
('2022-10-14', 4, 'Piątek', 10, 2022, 0, ''),
('2022-10-15', 5, 'Sobota', 10, 2022, 1, ''),
('2022-10-16', 6, 'Niedziela', 10, 2022, 1, ''),
('2022-10-17', 0, 'Poniedziałek', 10, 2022, 0, ''),
('2022-10-18', 1, 'Wtorek', 10, 2022, 0, ''),
('2022-10-19', 2, 'Środa', 10, 2022, 0, ''),
('2022-10-20', 3, 'Czwartek', 10, 2022, 0, ''),
('2022-10-21', 4, 'Piątek', 10, 2022, 0, ''),
('2022-10-22', 5, 'Sobota', 10, 2022, 1, ''),
('2022-10-23', 6, 'Niedziela', 10, 2022, 1, ''),
('2022-10-24', 0, 'Poniedziałek', 10, 2022, 0, ''),
('2022-10-25', 1, 'Wtorek', 10, 2022, 0, ''),
('2022-10-26', 2, 'Środa', 10, 2022, 0, ''),
('2022-10-27', 3, 'Czwartek', 10, 2022, 0, ''),
('2022-10-28', 4, 'Piątek', 10, 2022, 0, ''),
('2022-10-29', 5, 'Sobota', 10, 2022, 1, ''),
('2022-10-30', 6, 'Niedziela', 10, 2022, 1, ''),
('2022-10-31', 0, 'Poniedziałek', 10, 2022, 0, ''),
('2022-11-01', 1, 'Wtorek', 11, 2022, 0, ''),
('2022-11-02', 2, 'Środa', 11, 2022, 0, ''),
('2022-11-03', 3, 'Czwartek', 11, 2022, 0, ''),
('2022-11-04', 4, 'Piątek', 11, 2022, 0, ''),
('2022-11-05', 5, 'Sobota', 11, 2022, 1, ''),
('2022-11-06', 6, 'Niedziela', 11, 2022, 1, ''),
('2022-11-07', 0, 'Poniedziałek', 11, 2022, 0, ''),
('2022-11-08', 1, 'Wtorek', 11, 2022, 0, ''),
('2022-11-09', 2, 'Środa', 11, 2022, 0, ''),
('2022-11-10', 3, 'Czwartek', 11, 2022, 0, ''),
('2022-11-11', 4, 'Piątek', 11, 2022, 0, ''),
('2022-11-12', 5, 'Sobota', 11, 2022, 1, ''),
('2022-11-13', 6, 'Niedziela', 11, 2022, 1, ''),
('2022-11-14', 0, 'Poniedziałek', 11, 2022, 0, ''),
('2022-11-15', 1, 'Wtorek', 11, 2022, 0, ''),
('2022-11-16', 2, 'Środa', 11, 2022, 0, ''),
('2022-11-17', 3, 'Czwartek', 11, 2022, 0, ''),
('2022-11-18', 4, 'Piątek', 11, 2022, 0, ''),
('2022-11-19', 5, 'Sobota', 11, 2022, 1, ''),
('2022-11-20', 6, 'Niedziela', 11, 2022, 1, ''),
('2022-11-21', 0, 'Poniedziałek', 11, 2022, 0, ''),
('2022-11-22', 1, 'Wtorek', 11, 2022, 0, ''),
('2022-11-23', 2, 'Środa', 11, 2022, 0, ''),
('2022-11-24', 3, 'Czwartek', 11, 2022, 0, ''),
('2022-11-25', 4, 'Piątek', 11, 2022, 0, ''),
('2022-11-26', 5, 'Sobota', 11, 2022, 1, ''),
('2022-11-27', 6, 'Niedziela', 11, 2022, 1, ''),
('2022-11-28', 0, 'Poniedziałek', 11, 2022, 0, ''),
('2022-11-29', 1, 'Wtorek', 11, 2022, 0, ''),
('2022-11-30', 2, 'Środa', 11, 2022, 0, ''),
('2022-12-01', 3, 'Czwartek', 12, 2022, 0, ''),
('2022-12-02', 4, 'Piątek', 12, 2022, 0, ''),
('2022-12-03', 5, 'Sobota', 12, 2022, 1, ''),
('2022-12-04', 6, 'Niedziela', 12, 2022, 1, ''),
('2022-12-05', 0, 'Poniedziałek', 12, 2022, 0, ''),
('2022-12-06', 1, 'Wtorek', 12, 2022, 0, ''),
('2022-12-07', 2, 'Środa', 12, 2022, 0, ''),
('2022-12-08', 3, 'Czwartek', 12, 2022, 0, ''),
('2022-12-09', 4, 'Piątek', 12, 2022, 0, ''),
('2022-12-10', 5, 'Sobota', 12, 2022, 1, ''),
('2022-12-11', 6, 'Niedziela', 12, 2022, 1, ''),
('2022-12-12', 0, 'Poniedziałek', 12, 2022, 0, ''),
('2022-12-13', 1, 'Wtorek', 12, 2022, 0, ''),
('2022-12-14', 2, 'Środa', 12, 2022, 0, ''),
('2022-12-15', 3, 'Czwartek', 12, 2022, 0, ''),
('2022-12-16', 4, 'Piątek', 12, 2022, 0, ''),
('2022-12-17', 5, 'Sobota', 12, 2022, 1, ''),
('2022-12-18', 6, 'Niedziela', 12, 2022, 1, ''),
('2022-12-19', 0, 'Poniedziałek', 12, 2022, 0, ''),
('2022-12-20', 1, 'Wtorek', 12, 2022, 0, ''),
('2022-12-21', 2, 'Środa', 12, 2022, 0, ''),
('2022-12-22', 3, 'Czwartek', 12, 2022, 0, ''),
('2022-12-23', 4, 'Piątek', 12, 2022, 0, ''),
('2022-12-24', 5, 'Sobota', 12, 2022, 1, ''),
('2022-12-25', 6, 'Niedziela', 12, 2022, 1, ''),
('2022-12-26', 0, 'Poniedziałek', 12, 2022, 0, ''),
('2022-12-27', 1, 'Wtorek', 12, 2022, 0, ''),
('2022-12-28', 2, 'Środa', 12, 2022, 0, ''),
('2022-12-29', 3, 'Czwartek', 12, 2022, 0, ''),
('2022-12-30', 4, 'Piątek', 12, 2022, 0, ''),
('2022-12-31', 5, 'Sobota', 12, 2022, 1, ''),
('2023-01-01', 6, 'Niedziela', 1, 2023, 1, ''),
('2023-01-02', 0, 'Poniedziałek', 1, 2023, 0, ''),
('2023-01-03', 1, 'Wtorek', 1, 2023, 0, ''),
('2023-01-04', 2, 'Środa', 1, 2023, 0, ''),
('2023-01-05', 3, 'Czwartek', 1, 2023, 0, ''),
('2023-01-06', 4, 'Piątek', 1, 2023, 0, ''),
('2023-01-07', 5, 'Sobota', 1, 2023, 1, ''),
('2023-01-08', 6, 'Niedziela', 1, 2023, 1, ''),
('2023-01-09', 0, 'Poniedziałek', 1, 2023, 0, ''),
('2023-01-10', 1, 'Wtorek', 1, 2023, 0, ''),
('2023-01-11', 2, 'Środa', 1, 2023, 0, ''),
('2023-01-12', 3, 'Czwartek', 1, 2023, 0, ''),
('2023-01-13', 4, 'Piątek', 1, 2023, 0, ''),
('2023-01-14', 5, 'Sobota', 1, 2023, 1, ''),
('2023-01-15', 6, 'Niedziela', 1, 2023, 1, ''),
('2023-01-16', 0, 'Poniedziałek', 1, 2023, 0, ''),
('2023-01-17', 1, 'Wtorek', 1, 2023, 0, ''),
('2023-01-18', 2, 'Środa', 1, 2023, 0, ''),
('2023-01-19', 3, 'Czwartek', 1, 2023, 0, ''),
('2023-01-20', 4, 'Piątek', 1, 2023, 0, ''),
('2023-01-21', 5, 'Sobota', 1, 2023, 1, ''),
('2023-01-22', 6, 'Niedziela', 1, 2023, 1, ''),
('2023-01-23', 0, 'Poniedziałek', 1, 2023, 0, ''),
('2023-01-24', 1, 'Wtorek', 1, 2023, 0, ''),
('2023-01-25', 2, 'Środa', 1, 2023, 0, ''),
('2023-01-26', 3, 'Czwartek', 1, 2023, 0, ''),
('2023-01-27', 4, 'Piątek', 1, 2023, 0, ''),
('2023-01-28', 5, 'Sobota', 1, 2023, 1, ''),
('2023-01-29', 6, 'Niedziela', 1, 2023, 1, ''),
('2023-01-30', 0, 'Poniedziałek', 1, 2023, 0, ''),
('2023-01-31', 1, 'Wtorek', 1, 2023, 0, ''),
('2023-02-01', 2, 'Środa', 2, 2023, 0, ''),
('2023-02-02', 3, 'Czwartek', 2, 2023, 0, ''),
('2023-02-03', 4, 'Piątek', 2, 2023, 0, ''),
('2023-02-04', 5, 'Sobota', 2, 2023, 1, ''),
('2023-02-05', 6, 'Niedziela', 2, 2023, 1, ''),
('2023-02-06', 0, 'Poniedziałek', 2, 2023, 0, ''),
('2023-02-07', 1, 'Wtorek', 2, 2023, 0, ''),
('2023-02-08', 2, 'Środa', 2, 2023, 0, ''),
('2023-02-09', 3, 'Czwartek', 2, 2023, 0, ''),
('2023-02-10', 4, 'Piątek', 2, 2023, 0, ''),
('2023-02-11', 5, 'Sobota', 2, 2023, 1, ''),
('2023-02-12', 6, 'Niedziela', 2, 2023, 1, ''),
('2023-02-13', 0, 'Poniedziałek', 2, 2023, 0, ''),
('2023-02-14', 1, 'Wtorek', 2, 2023, 0, ''),
('2023-02-15', 2, 'Środa', 2, 2023, 0, ''),
('2023-02-16', 3, 'Czwartek', 2, 2023, 0, ''),
('2023-02-17', 4, 'Piątek', 2, 2023, 0, ''),
('2023-02-18', 5, 'Sobota', 2, 2023, 1, ''),
('2023-02-19', 6, 'Niedziela', 2, 2023, 1, ''),
('2023-02-20', 0, 'Poniedziałek', 2, 2023, 0, ''),
('2023-02-21', 1, 'Wtorek', 2, 2023, 0, ''),
('2023-02-22', 2, 'Środa', 2, 2023, 0, ''),
('2023-02-23', 3, 'Czwartek', 2, 2023, 0, ''),
('2023-02-24', 4, 'Piątek', 2, 2023, 0, ''),
('2023-02-25', 5, 'Sobota', 2, 2023, 1, ''),
('2023-02-26', 6, 'Niedziela', 2, 2023, 1, ''),
('2023-02-27', 0, 'Poniedziałek', 2, 2023, 0, ''),
('2023-02-28', 1, 'Wtorek', 2, 2023, 0, ''),
('2023-03-01', 2, 'Środa', 3, 2023, 0, ''),
('2023-03-02', 3, 'Czwartek', 3, 2023, 0, ''),
('2023-03-03', 4, 'Piątek', 3, 2023, 0, ''),
('2023-03-04', 5, 'Sobota', 3, 2023, 1, ''),
('2023-03-05', 6, 'Niedziela', 3, 2023, 1, ''),
('2023-03-06', 0, 'Poniedziałek', 3, 2023, 0, ''),
('2023-03-07', 1, 'Wtorek', 3, 2023, 0, ''),
('2023-03-08', 2, 'Środa', 3, 2023, 0, ''),
('2023-03-09', 3, 'Czwartek', 3, 2023, 0, ''),
('2023-03-10', 4, 'Piątek', 3, 2023, 0, ''),
('2023-03-11', 5, 'Sobota', 3, 2023, 1, ''),
('2023-03-12', 6, 'Niedziela', 3, 2023, 1, ''),
('2023-03-13', 0, 'Poniedziałek', 3, 2023, 0, ''),
('2023-03-14', 1, 'Wtorek', 3, 2023, 0, ''),
('2023-03-15', 2, 'Środa', 3, 2023, 0, ''),
('2023-03-16', 3, 'Czwartek', 3, 2023, 0, ''),
('2023-03-17', 4, 'Piątek', 3, 2023, 0, ''),
('2023-03-18', 5, 'Sobota', 3, 2023, 1, ''),
('2023-03-19', 6, 'Niedziela', 3, 2023, 1, ''),
('2023-03-20', 0, 'Poniedziałek', 3, 2023, 0, ''),
('2023-03-21', 1, 'Wtorek', 3, 2023, 0, ''),
('2023-03-22', 2, 'Środa', 3, 2023, 0, ''),
('2023-03-23', 3, 'Czwartek', 3, 2023, 0, ''),
('2023-03-24', 4, 'Piątek', 3, 2023, 0, ''),
('2023-03-25', 5, 'Sobota', 3, 2023, 1, ''),
('2023-03-26', 6, 'Niedziela', 3, 2023, 1, ''),
('2023-03-27', 0, 'Poniedziałek', 3, 2023, 0, ''),
('2023-03-28', 1, 'Wtorek', 3, 2023, 0, ''),
('2023-03-29', 2, 'Środa', 3, 2023, 0, ''),
('2023-03-30', 3, 'Czwartek', 3, 2023, 0, ''),
('2023-03-31', 4, 'Piątek', 3, 2023, 0, ''),
('2023-04-01', 5, 'Sobota', 4, 2023, 1, ''),
('2023-04-02', 6, 'Niedziela', 4, 2023, 1, ''),
('2023-04-03', 0, 'Poniedziałek', 4, 2023, 0, ''),
('2023-04-04', 1, 'Wtorek', 4, 2023, 0, ''),
('2023-04-05', 2, 'Środa', 4, 2023, 0, ''),
('2023-04-06', 3, 'Czwartek', 4, 2023, 0, ''),
('2023-04-07', 4, 'Piątek', 4, 2023, 0, ''),
('2023-04-08', 5, 'Sobota', 4, 2023, 1, ''),
('2023-04-09', 6, 'Niedziela', 4, 2023, 1, ''),
('2023-04-10', 0, 'Poniedziałek', 4, 2023, 0, ''),
('2023-04-11', 1, 'Wtorek', 4, 2023, 0, ''),
('2023-04-12', 2, 'Środa', 4, 2023, 0, ''),
('2023-04-13', 3, 'Czwartek', 4, 2023, 0, ''),
('2023-04-14', 4, 'Piątek', 4, 2023, 0, ''),
('2023-04-15', 5, 'Sobota', 4, 2023, 1, ''),
('2023-04-16', 6, 'Niedziela', 4, 2023, 1, ''),
('2023-04-17', 0, 'Poniedziałek', 4, 2023, 0, ''),
('2023-04-18', 1, 'Wtorek', 4, 2023, 0, ''),
('2023-04-19', 2, 'Środa', 4, 2023, 0, ''),
('2023-04-20', 3, 'Czwartek', 4, 2023, 0, ''),
('2023-04-21', 4, 'Piątek', 4, 2023, 0, ''),
('2023-04-22', 5, 'Sobota', 4, 2023, 1, ''),
('2023-04-23', 6, 'Niedziela', 4, 2023, 1, ''),
('2023-04-24', 0, 'Poniedziałek', 4, 2023, 0, ''),
('2023-04-25', 1, 'Wtorek', 4, 2023, 0, ''),
('2023-04-26', 2, 'Środa', 4, 2023, 0, ''),
('2023-04-27', 3, 'Czwartek', 4, 2023, 0, ''),
('2023-04-28', 4, 'Piątek', 4, 2023, 0, ''),
('2023-04-29', 5, 'Sobota', 4, 2023, 1, ''),
('2023-04-30', 6, 'Niedziela', 4, 2023, 1, ''),
('2023-05-01', 0, 'Poniedziałek', 5, 2023, 0, ''),
('2023-05-02', 1, 'Wtorek', 5, 2023, 0, ''),
('2023-05-03', 2, 'Środa', 5, 2023, 0, ''),
('2023-05-04', 3, 'Czwartek', 5, 2023, 0, ''),
('2023-05-05', 4, 'Piątek', 5, 2023, 0, ''),
('2023-05-06', 5, 'Sobota', 5, 2023, 1, ''),
('2023-05-07', 6, 'Niedziela', 5, 2023, 1, ''),
('2023-05-08', 0, 'Poniedziałek', 5, 2023, 0, ''),
('2023-05-09', 1, 'Wtorek', 5, 2023, 0, ''),
('2023-05-10', 2, 'Środa', 5, 2023, 0, ''),
('2023-05-11', 3, 'Czwartek', 5, 2023, 0, ''),
('2023-05-12', 4, 'Piątek', 5, 2023, 0, ''),
('2023-05-13', 5, 'Sobota', 5, 2023, 1, ''),
('2023-05-14', 6, 'Niedziela', 5, 2023, 1, ''),
('2023-05-15', 0, 'Poniedziałek', 5, 2023, 0, ''),
('2023-05-16', 1, 'Wtorek', 5, 2023, 0, ''),
('2023-05-17', 2, 'Środa', 5, 2023, 0, ''),
('2023-05-18', 3, 'Czwartek', 5, 2023, 0, ''),
('2023-05-19', 4, 'Piątek', 5, 2023, 0, ''),
('2023-05-20', 5, 'Sobota', 5, 2023, 1, ''),
('2023-05-21', 6, 'Niedziela', 5, 2023, 1, ''),
('2023-05-22', 0, 'Poniedziałek', 5, 2023, 0, ''),
('2023-05-23', 1, 'Wtorek', 5, 2023, 0, ''),
('2023-05-24', 2, 'Środa', 5, 2023, 0, ''),
('2023-05-25', 3, 'Czwartek', 5, 2023, 0, ''),
('2023-05-26', 4, 'Piątek', 5, 2023, 0, ''),
('2023-05-27', 5, 'Sobota', 5, 2023, 1, ''),
('2023-05-28', 6, 'Niedziela', 5, 2023, 1, ''),
('2023-05-29', 0, 'Poniedziałek', 5, 2023, 0, ''),
('2023-05-30', 1, 'Wtorek', 5, 2023, 0, ''),
('2023-05-31', 2, 'Środa', 5, 2023, 0, ''),
('2023-06-01', 3, 'Czwartek', 6, 2023, 0, ''),
('2023-06-02', 4, 'Piątek', 6, 2023, 0, ''),
('2023-06-03', 5, 'Sobota', 6, 2023, 1, ''),
('2023-06-04', 6, 'Niedziela', 6, 2023, 1, ''),
('2023-06-05', 0, 'Poniedziałek', 6, 2023, 0, ''),
('2023-06-06', 1, 'Wtorek', 6, 2023, 0, ''),
('2023-06-07', 2, 'Środa', 6, 2023, 0, ''),
('2023-06-08', 3, 'Czwartek', 6, 2023, 0, ''),
('2023-06-09', 4, 'Piątek', 6, 2023, 0, ''),
('2023-06-10', 5, 'Sobota', 6, 2023, 1, ''),
('2023-06-11', 6, 'Niedziela', 6, 2023, 1, ''),
('2023-06-12', 0, 'Poniedziałek', 6, 2023, 0, ''),
('2023-06-13', 1, 'Wtorek', 6, 2023, 0, ''),
('2023-06-14', 2, 'Środa', 6, 2023, 0, ''),
('2023-06-15', 3, 'Czwartek', 6, 2023, 0, ''),
('2023-06-16', 4, 'Piątek', 6, 2023, 0, ''),
('2023-06-17', 5, 'Sobota', 6, 2023, 1, ''),
('2023-06-18', 6, 'Niedziela', 6, 2023, 1, ''),
('2023-06-19', 0, 'Poniedziałek', 6, 2023, 0, ''),
('2023-06-20', 1, 'Wtorek', 6, 2023, 0, ''),
('2023-06-21', 2, 'Środa', 6, 2023, 0, ''),
('2023-06-22', 3, 'Czwartek', 6, 2023, 0, ''),
('2023-06-23', 4, 'Piątek', 6, 2023, 0, ''),
('2023-06-24', 5, 'Sobota', 6, 2023, 1, ''),
('2023-06-25', 6, 'Niedziela', 6, 2023, 1, ''),
('2023-06-26', 0, 'Poniedziałek', 6, 2023, 0, ''),
('2023-06-27', 1, 'Wtorek', 6, 2023, 0, ''),
('2023-06-28', 2, 'Środa', 6, 2023, 0, ''),
('2023-06-29', 3, 'Czwartek', 6, 2023, 0, ''),
('2023-06-30', 4, 'Piątek', 6, 2023, 0, ''),
('2023-07-01', 5, 'Sobota', 7, 2023, 1, ''),
('2023-07-02', 6, 'Niedziela', 7, 2023, 1, ''),
('2023-07-03', 0, 'Poniedziałek', 7, 2023, 0, ''),
('2023-07-04', 1, 'Wtorek', 7, 2023, 0, ''),
('2023-07-05', 2, 'Środa', 7, 2023, 0, ''),
('2023-07-06', 3, 'Czwartek', 7, 2023, 0, ''),
('2023-07-07', 4, 'Piątek', 7, 2023, 0, ''),
('2023-07-08', 5, 'Sobota', 7, 2023, 1, ''),
('2023-07-09', 6, 'Niedziela', 7, 2023, 1, ''),
('2023-07-10', 0, 'Poniedziałek', 7, 2023, 0, ''),
('2023-07-11', 1, 'Wtorek', 7, 2023, 0, ''),
('2023-07-12', 2, 'Środa', 7, 2023, 0, ''),
('2023-07-13', 3, 'Czwartek', 7, 2023, 0, ''),
('2023-07-14', 4, 'Piątek', 7, 2023, 0, ''),
('2023-07-15', 5, 'Sobota', 7, 2023, 1, ''),
('2023-07-16', 6, 'Niedziela', 7, 2023, 1, ''),
('2023-07-17', 0, 'Poniedziałek', 7, 2023, 0, ''),
('2023-07-18', 1, 'Wtorek', 7, 2023, 0, ''),
('2023-07-19', 2, 'Środa', 7, 2023, 0, ''),
('2023-07-20', 3, 'Czwartek', 7, 2023, 0, ''),
('2023-07-21', 4, 'Piątek', 7, 2023, 0, ''),
('2023-07-22', 5, 'Sobota', 7, 2023, 1, ''),
('2023-07-23', 6, 'Niedziela', 7, 2023, 1, ''),
('2023-07-24', 0, 'Poniedziałek', 7, 2023, 0, ''),
('2023-07-25', 1, 'Wtorek', 7, 2023, 0, ''),
('2023-07-26', 2, 'Środa', 7, 2023, 0, ''),
('2023-07-27', 3, 'Czwartek', 7, 2023, 0, ''),
('2023-07-28', 4, 'Piątek', 7, 2023, 0, ''),
('2023-07-29', 5, 'Sobota', 7, 2023, 1, ''),
('2023-07-30', 6, 'Niedziela', 7, 2023, 1, ''),
('2023-07-31', 0, 'Poniedziałek', 7, 2023, 0, ''),
('2023-08-01', 1, 'Wtorek', 8, 2023, 0, ''),
('2023-08-02', 2, 'Środa', 8, 2023, 0, ''),
('2023-08-03', 3, 'Czwartek', 8, 2023, 0, ''),
('2023-08-04', 4, 'Piątek', 8, 2023, 0, ''),
('2023-08-05', 5, 'Sobota', 8, 2023, 1, ''),
('2023-08-06', 6, 'Niedziela', 8, 2023, 1, ''),
('2023-08-07', 0, 'Poniedziałek', 8, 2023, 0, ''),
('2023-08-08', 1, 'Wtorek', 8, 2023, 0, ''),
('2023-08-09', 2, 'Środa', 8, 2023, 0, ''),
('2023-08-10', 3, 'Czwartek', 8, 2023, 0, ''),
('2023-08-11', 4, 'Piątek', 8, 2023, 0, ''),
('2023-08-12', 5, 'Sobota', 8, 2023, 1, ''),
('2023-08-13', 6, 'Niedziela', 8, 2023, 1, ''),
('2023-08-14', 0, 'Poniedziałek', 8, 2023, 0, ''),
('2023-08-15', 1, 'Wtorek', 8, 2023, 0, ''),
('2023-08-16', 2, 'Środa', 8, 2023, 0, ''),
('2023-08-17', 3, 'Czwartek', 8, 2023, 0, ''),
('2023-08-18', 4, 'Piątek', 8, 2023, 0, ''),
('2023-08-19', 5, 'Sobota', 8, 2023, 1, ''),
('2023-08-20', 6, 'Niedziela', 8, 2023, 1, ''),
('2023-08-21', 0, 'Poniedziałek', 8, 2023, 0, ''),
('2023-08-22', 1, 'Wtorek', 8, 2023, 0, ''),
('2023-08-23', 2, 'Środa', 8, 2023, 0, ''),
('2023-08-24', 3, 'Czwartek', 8, 2023, 0, ''),
('2023-08-25', 4, 'Piątek', 8, 2023, 0, ''),
('2023-08-26', 5, 'Sobota', 8, 2023, 1, ''),
('2023-08-27', 6, 'Niedziela', 8, 2023, 1, ''),
('2023-08-28', 0, 'Poniedziałek', 8, 2023, 0, ''),
('2023-08-29', 1, 'Wtorek', 8, 2023, 0, ''),
('2023-08-30', 2, 'Środa', 8, 2023, 0, ''),
('2023-08-31', 3, 'Czwartek', 8, 2023, 0, ''),
('2023-09-01', 4, 'Piątek', 9, 2023, 0, ''),
('2023-09-02', 5, 'Sobota', 9, 2023, 1, ''),
('2023-09-03', 6, 'Niedziela', 9, 2023, 1, ''),
('2023-09-04', 0, 'Poniedziałek', 9, 2023, 0, ''),
('2023-09-05', 1, 'Wtorek', 9, 2023, 0, ''),
('2023-09-06', 2, 'Środa', 9, 2023, 0, ''),
('2023-09-07', 3, 'Czwartek', 9, 2023, 0, ''),
('2023-09-08', 4, 'Piątek', 9, 2023, 0, ''),
('2023-09-09', 5, 'Sobota', 9, 2023, 1, ''),
('2023-09-10', 6, 'Niedziela', 9, 2023, 1, ''),
('2023-09-11', 0, 'Poniedziałek', 9, 2023, 0, ''),
('2023-09-12', 1, 'Wtorek', 9, 2023, 0, ''),
('2023-09-13', 2, 'Środa', 9, 2023, 0, ''),
('2023-09-14', 3, 'Czwartek', 9, 2023, 0, ''),
('2023-09-15', 4, 'Piątek', 9, 2023, 0, ''),
('2023-09-16', 5, 'Sobota', 9, 2023, 1, ''),
('2023-09-17', 6, 'Niedziela', 9, 2023, 1, ''),
('2023-09-18', 0, 'Poniedziałek', 9, 2023, 0, ''),
('2023-09-19', 1, 'Wtorek', 9, 2023, 0, ''),
('2023-09-20', 2, 'Środa', 9, 2023, 0, ''),
('2023-09-21', 3, 'Czwartek', 9, 2023, 0, ''),
('2023-09-22', 4, 'Piątek', 9, 2023, 0, ''),
('2023-09-23', 5, 'Sobota', 9, 2023, 1, ''),
('2023-09-24', 6, 'Niedziela', 9, 2023, 1, ''),
('2023-09-25', 0, 'Poniedziałek', 9, 2023, 0, ''),
('2023-09-26', 1, 'Wtorek', 9, 2023, 0, ''),
('2023-09-27', 2, 'Środa', 9, 2023, 0, ''),
('2023-09-28', 3, 'Czwartek', 9, 2023, 0, ''),
('2023-09-29', 4, 'Piątek', 9, 2023, 0, ''),
('2023-09-30', 5, 'Sobota', 9, 2023, 1, ''),
('2023-10-01', 6, 'Niedziela', 10, 2023, 1, ''),
('2023-10-02', 0, 'Poniedziałek', 10, 2023, 0, ''),
('2023-10-03', 1, 'Wtorek', 10, 2023, 0, ''),
('2023-10-04', 2, 'Środa', 10, 2023, 0, ''),
('2023-10-05', 3, 'Czwartek', 10, 2023, 0, ''),
('2023-10-06', 4, 'Piątek', 10, 2023, 0, ''),
('2023-10-07', 5, 'Sobota', 10, 2023, 1, ''),
('2023-10-08', 6, 'Niedziela', 10, 2023, 1, ''),
('2023-10-09', 0, 'Poniedziałek', 10, 2023, 0, ''),
('2023-10-10', 1, 'Wtorek', 10, 2023, 0, ''),
('2023-10-11', 2, 'Środa', 10, 2023, 0, ''),
('2023-10-12', 3, 'Czwartek', 10, 2023, 0, ''),
('2023-10-13', 4, 'Piątek', 10, 2023, 0, ''),
('2023-10-14', 5, 'Sobota', 10, 2023, 1, ''),
('2023-10-15', 6, 'Niedziela', 10, 2023, 1, ''),
('2023-10-16', 0, 'Poniedziałek', 10, 2023, 0, ''),
('2023-10-17', 1, 'Wtorek', 10, 2023, 0, ''),
('2023-10-18', 2, 'Środa', 10, 2023, 0, ''),
('2023-10-19', 3, 'Czwartek', 10, 2023, 0, ''),
('2023-10-20', 4, 'Piątek', 10, 2023, 0, ''),
('2023-10-21', 5, 'Sobota', 10, 2023, 1, ''),
('2023-10-22', 6, 'Niedziela', 10, 2023, 1, ''),
('2023-10-23', 0, 'Poniedziałek', 10, 2023, 0, ''),
('2023-10-24', 1, 'Wtorek', 10, 2023, 0, ''),
('2023-10-25', 2, 'Środa', 10, 2023, 0, ''),
('2023-10-26', 3, 'Czwartek', 10, 2023, 0, ''),
('2023-10-27', 4, 'Piątek', 10, 2023, 0, ''),
('2023-10-28', 5, 'Sobota', 10, 2023, 1, ''),
('2023-10-29', 6, 'Niedziela', 10, 2023, 1, ''),
('2023-10-30', 0, 'Poniedziałek', 10, 2023, 0, ''),
('2023-10-31', 1, 'Wtorek', 10, 2023, 0, ''),
('2023-11-01', 2, 'Środa', 11, 2023, 0, ''),
('2023-11-02', 3, 'Czwartek', 11, 2023, 0, ''),
('2023-11-03', 4, 'Piątek', 11, 2023, 0, ''),
('2023-11-04', 5, 'Sobota', 11, 2023, 1, ''),
('2023-11-05', 6, 'Niedziela', 11, 2023, 1, ''),
('2023-11-06', 0, 'Poniedziałek', 11, 2023, 0, ''),
('2023-11-07', 1, 'Wtorek', 11, 2023, 0, ''),
('2023-11-08', 2, 'Środa', 11, 2023, 0, ''),
('2023-11-09', 3, 'Czwartek', 11, 2023, 0, ''),
('2023-11-10', 4, 'Piątek', 11, 2023, 0, ''),
('2023-11-11', 5, 'Sobota', 11, 2023, 1, ''),
('2023-11-12', 6, 'Niedziela', 11, 2023, 1, ''),
('2023-11-13', 0, 'Poniedziałek', 11, 2023, 0, ''),
('2023-11-14', 1, 'Wtorek', 11, 2023, 0, ''),
('2023-11-15', 2, 'Środa', 11, 2023, 0, ''),
('2023-11-16', 3, 'Czwartek', 11, 2023, 0, ''),
('2023-11-17', 4, 'Piątek', 11, 2023, 0, ''),
('2023-11-18', 5, 'Sobota', 11, 2023, 1, ''),
('2023-11-19', 6, 'Niedziela', 11, 2023, 1, ''),
('2023-11-20', 0, 'Poniedziałek', 11, 2023, 0, ''),
('2023-11-21', 1, 'Wtorek', 11, 2023, 0, ''),
('2023-11-22', 2, 'Środa', 11, 2023, 0, ''),
('2023-11-23', 3, 'Czwartek', 11, 2023, 0, ''),
('2023-11-24', 4, 'Piątek', 11, 2023, 0, ''),
('2023-11-25', 5, 'Sobota', 11, 2023, 1, ''),
('2023-11-26', 6, 'Niedziela', 11, 2023, 1, ''),
('2023-11-27', 0, 'Poniedziałek', 11, 2023, 0, ''),
('2023-11-28', 1, 'Wtorek', 11, 2023, 0, ''),
('2023-11-29', 2, 'Środa', 11, 2023, 0, ''),
('2023-11-30', 3, 'Czwartek', 11, 2023, 0, ''),
('2023-12-01', 4, 'Piątek', 12, 2023, 0, ''),
('2023-12-02', 5, 'Sobota', 12, 2023, 1, ''),
('2023-12-03', 6, 'Niedziela', 12, 2023, 1, ''),
('2023-12-04', 0, 'Poniedziałek', 12, 2023, 0, ''),
('2023-12-05', 1, 'Wtorek', 12, 2023, 0, ''),
('2023-12-06', 2, 'Środa', 12, 2023, 0, ''),
('2023-12-07', 3, 'Czwartek', 12, 2023, 0, ''),
('2023-12-08', 4, 'Piątek', 12, 2023, 0, ''),
('2023-12-09', 5, 'Sobota', 12, 2023, 1, ''),
('2023-12-10', 6, 'Niedziela', 12, 2023, 1, ''),
('2023-12-11', 0, 'Poniedziałek', 12, 2023, 0, ''),
('2023-12-12', 1, 'Wtorek', 12, 2023, 0, ''),
('2023-12-13', 2, 'Środa', 12, 2023, 0, ''),
('2023-12-14', 3, 'Czwartek', 12, 2023, 0, ''),
('2023-12-15', 4, 'Piątek', 12, 2023, 0, ''),
('2023-12-16', 5, 'Sobota', 12, 2023, 1, ''),
('2023-12-17', 6, 'Niedziela', 12, 2023, 1, ''),
('2023-12-18', 0, 'Poniedziałek', 12, 2023, 0, ''),
('2023-12-19', 1, 'Wtorek', 12, 2023, 0, ''),
('2023-12-20', 2, 'Środa', 12, 2023, 0, ''),
('2023-12-21', 3, 'Czwartek', 12, 2023, 0, ''),
('2023-12-22', 4, 'Piątek', 12, 2023, 0, ''),
('2023-12-23', 5, 'Sobota', 12, 2023, 1, ''),
('2023-12-24', 6, 'Niedziela', 12, 2023, 1, ''),
('2023-12-25', 0, 'Poniedziałek', 12, 2023, 0, ''),
('2023-12-26', 1, 'Wtorek', 12, 2023, 0, ''),
('2023-12-27', 2, 'Środa', 12, 2023, 0, ''),
('2023-12-28', 3, 'Czwartek', 12, 2023, 0, ''),
('2023-12-29', 4, 'Piątek', 12, 2023, 0, ''),
('2023-12-30', 5, 'Sobota', 12, 2023, 1, ''),
('2023-12-31', 6, 'Niedziela', 12, 2023, 1, '');

-- --------------------------------------------------------

--
-- Struktura tabeli dla tabeli `licznik`
--

CREATE TABLE `licznik` (
  `i` int(11) DEFAULT NULL
) ENGINE=InnoDB DEFAULT CHARSET=utf8;

--
-- Zrzut danych tabeli `licznik`
--

INSERT INTO `licznik` (`i`) VALUES
(0),
(1),
(2),
(3),
(4),
(5),
(6),
(7),
(8),
(9);

-- --------------------------------------------------------

--
-- Struktura tabeli dla tabeli `notatki`
--

CREATE TABLE `notatki` (
  `ID_N` int(11) NOT NULL,
  `ID_C` int(11) NOT NULL,
  `Notatka` text NOT NULL
) ENGINE=InnoDB DEFAULT CHARSET=utf8;

--
-- Zrzut danych tabeli `notatki`
--

INSERT INTO `notatki` (`ID_N`, `ID_C`, `Notatka`) VALUES
(1, 9, 'stoi i się gapi'),
(2, 27, 'gapi się w okno i mówi że nie myśli');

-- --------------------------------------------------------

--
-- Struktura tabeli dla tabeli `odczyt`
--

CREATE TABLE `odczyt` (
  `id_o` int(11) NOT NULL,
  `numer` varchar(5) DEFAULT NULL,
  `data_r` date DEFAULT NULL,
  `godzina` time(6) DEFAULT NULL,
  `typ` varchar(2) DEFAULT NULL,
  `wewy` int(1) DEFAULT NULL,
  `E` varchar(10) DEFAULT NULL
) ENGINE=InnoDB DEFAULT CHARSET=utf8;

--
-- Zrzut danych tabeli `odczyt`
--

INSERT INTO `odczyt` (`id_o`, `numer`, `data_r`, `godzina`, `typ`, `wewy`, `E`) VALUES
(2, '00716', '2021-01-01', '18:16:41.000000', '00', 0, ''),
(3, '00717', '2021-01-01', '07:02:38.000000', '00', 1, ''),
(4, '01070', '2021-01-01', '07:02:31.000000', '00', 0, ''),
(5, '01173', '2021-01-01', '07:02:29.000000', '00', 0, ''),
(6, '01248', '2021-01-01', '21:55:45.000000', '00', 0, ''),
(7, '01420', '2021-01-01', '07:02:40.000000', '00', 1, ''),
(8, '01654', '2021-01-01', '18:16:41.000000', '00', 0, ''),
(9, '01668', '2021-01-01', '07:02:37.000000', '00', 1, ''),
(10, '00716', '2021-01-02', '07:02:54.000000', '00', 1, ''),
(11, '00717', '2021-01-02', '18:22:40.000000', '00', 0, ''),
(12, '00753', '2021-01-02', '06:22:37.000000', '00', 0, ''),
(13, '00753', '2021-01-02', '19:06:07.000000', '00', 1, ''),
(14, '01070', '2021-01-02', '18:22:41.000000', '00', 0, ''),
(15, '01233', '2021-01-02', '06:22:38.000000', '00', 0, ''),
(16, '01233', '2021-01-02', '19:06:08.000000', '00', 1, ''),
(17, '01248', '2021-01-02', '06:06:07.000000', '00', 1, ''),
(18, '01654', '2021-01-02', '07:02:56.000000', '00', 1, ''),
(19, '01668', '2021-01-02', '21:29:20.000000', '00', 0, ''),
(20, '00440', '2021-01-03', '21:53:32.000000', '00', 0, ''),
(21, '00598', '2021-01-03', '21:42:48.000000', '00', 0, ''),
(22, '00714', '2021-01-03', '21:53:43.000000', '00', 0, ''),
(23, '00716', '2021-01-03', '06:24:05.000000', '00', 0, ''),
(24, '00716', '2021-01-03', '19:01:30.000000', '00', 1, ''),
(25, '00717', '2021-01-03', '07:02:38.000000', '00', 1, ''),
(26, '00753', '2021-01-03', '21:39:43.000000', '00', 0, ''),
(27, '01070', '2021-01-03', '07:02:39.000000', '00', 1, ''),
(28, '01173', '2021-01-03', '18:25:31.000000', '00', 0, ''),
(29, '01233', '2021-01-03', '18:25:32.000000', '00', 0, ''),
(30, '01396', '2021-01-03', '21:40:35.000000', '00', 0, ''),
(31, '01410', '2021-01-03', '21:53:33.000000', '00', 0, ''),
(32, '01654', '2021-01-03', '06:24:04.000000', '00', 0, ''),
(33, '01654', '2021-01-03', '19:01:29.000000', '00', 1, ''),
(34, '01668', '2021-01-03', '06:03:46.000000', '00', 1, ''),
(35, '00001', '2021-01-04', '14:08:01.000000', '00', 0, ''),
(36, '00001', '2021-01-04', '21:47:12.000000', '00', 1, ''),
(37, '00002', '2021-01-04', '14:08:03.000000', '00', 0, ''),
(38, '00002', '2021-01-04', '21:45:35.000000', '00', 1, ''),
(39, '00006', '2021-01-04', '13:59:49.000000', '00', 0, ''),
(40, '00006', '2021-01-04', '21:46:51.000000', '00', 1, ''),
(41, '00009', '2021-01-04', '13:51:11.000000', '00', 0, ''),
(42, '00009', '2021-01-04', '21:52:51.000000', '00', 1, ''),
(43, '00012', '2021-01-04', '13:51:13.000000', '00', 0, ''),
(44, '00012', '2021-01-04', '21:49:29.000000', '00', 1, ''),
(45, '00013', '2021-01-04', '13:59:46.000000', '00', 0, ''),
(46, '00013', '2021-01-04', '21:51:25.000000', '00', 1, ''),
(47, '00014', '2021-01-04', '13:53:44.000000', '00', 0, ''),
(48, '00014', '2021-01-04', '21:49:30.000000', '00', 1, ''),
(49, '00017', '2021-01-04', '06:05:23.000000', '00', 0, ''),
(50, '00017', '2021-01-04', '13:47:59.000000', '00', 1, ''),
(51, '00021', '2021-01-04', '06:59:19.000000', '00', 0, ''),
(52, '00021', '2021-01-04', '15:04:01.000000', '00', 1, ''),
(53, '00022', '2021-01-04', '05:54:33.000000', '00', 0, ''),
(54, '00022', '2021-01-04', '13:46:07.000000', '00', 1, ''),
(55, '00023', '2021-01-04', '05:54:41.000000', '00', 0, ''),
(56, '00023', '2021-01-04', '13:45:41.000000', '00', 1, ''),
(57, '00026', '2021-01-04', '06:06:49.000000', '00', 0, ''),
(58, '00026', '2021-01-04', '13:46:49.000000', '00', 1, ''),
(59, '00027', '2021-01-04', '05:54:29.000000', '00', 0, ''),
(60, '00027', '2021-01-04', '13:49:38.000000', '00', 1, ''),
(61, '00028', '2021-01-04', '05:48:49.000000', '00', 0, ''),
(62, '00028', '2021-01-04', '14:07:35.000000', '00', 1, ''),
(63, '00031', '2021-01-04', '13:56:59.000000', '00', 0, ''),
(64, '00031', '2021-01-04', '21:45:49.000000', '00', 1, ''),
(65, '00038', '2021-01-04', '13:52:30.000000', '00', 0, ''),
(66, '00038', '2021-01-04', '21:45:07.000000', '00', 1, ''),
(67, '00042', '2021-01-04', '05:54:24.000000', '00', 0, ''),
(68, '00042', '2021-01-04', '13:57:56.000000', '00', 1, ''),
(69, '00048', '2021-01-04', '05:54:58.000000', '00', 0, ''),
(70, '00048', '2021-01-04', '13:45:51.000000', '00', 1, ''),
(71, '00049', '2021-01-04', '05:44:44.000000', '00', 0, ''),
(72, '00049', '2021-01-04', '13:50:31.000000', '00', 1, ''),
(73, '00066', '2021-01-04', '05:44:33.000000', '00', 0, ''),
(74, '00066', '2021-01-04', '13:46:56.000000', '00', 1, ''),
(75, '00071', '2021-01-04', '21:55:48.000000', '00', 0, ''),
(76, '00074', '2021-01-04', '13:59:45.000000', '00', 0, ''),
(77, '00074', '2021-01-04', '21:52:00.000000', '00', 1, ''),
(78, '00076', '2021-01-04', '05:56:29.000000', '00', 0, ''),
(79, '00076', '2021-01-04', '13:48:39.000000', '00', 1, ''),
(80, '00081', '2021-01-04', '21:56:05.000000', '00', 0, ''),
(81, '00083', '2021-01-04', '05:43:56.000000', '00', 0, ''),
(82, '00083', '2021-01-04', '14:07:37.000000', '00', 1, ''),
(83, '00085', '2021-01-04', '05:58:30.000000', '00', 0, ''),
(84, '00085', '2021-01-04', '13:45:36.000000', '00', 1, ''),
(85, '00089', '2021-01-04', '22:06:15.000000', '00', 0, ''),
(86, '00091', '2021-01-04', '05:53:47.000000', '00', 0, ''),
(87, '00091', '2021-01-04', '13:49:00.000000', '00', 1, ''),
(88, '00104', '2021-01-04', '13:50:05.000000', '00', 0, ''),
(89, '00104', '2021-01-04', '21:47:31.000000', '00', 1, ''),
(90, '00109', '2021-01-04', '05:54:35.000000', '00', 0, ''),
(91, '00109', '2021-01-04', '13:46:45.000000', '00', 1, ''),
(92, '00111', '2021-01-04', '21:55:18.000000', '00', 0, ''),
(93, '00113', '2021-01-04', '05:59:42.000000', '00', 0, ''),
(94, '00113', '2021-01-04', '13:45:14.000000', '00', 1, ''),
(95, '00116', '2021-01-04', '13:59:37.000000', '00', 0, ''),
(96, '00116', '2021-01-04', '21:49:54.000000', '00', 1, ''),
(97, '00117', '2021-01-04', '13:27:25.000000', '00', 0, ''),
(98, '00117', '2021-01-04', '21:47:06.000000', '00', 1, ''),
(99, '00129', '2021-01-04', '21:52:14.000000', '00', 0, ''),
(100, '00131', '2021-01-04', '13:58:40.000000', '00', 0, ''),
(101, '00131', '2021-01-04', '21:45:26.000000', '00', 1, ''),
(102, '00132', '2021-01-04', '05:49:16.000000', '00', 0, ''),
(103, '00132', '2021-01-04', '13:59:09.000000', '00', 1, ''),
(104, '00133', '2021-01-04', '13:58:48.000000', '00', 0, ''),
(105, '00133', '2021-01-04', '21:50:05.000000', '00', 1, ''),
(106, '00134', '2021-01-04', '21:59:17.000000', '00', 0, ''),
(107, '00144', '2021-01-04', '06:36:12.000000', '00', 0, ''),
(108, '00144', '2021-01-04', '15:39:32.000000', '00', 1, ''),
(109, '00147', '2021-01-04', '06:03:37.000000', '00', 0, ''),
(110, '00147', '2021-01-04', '13:59:54.000000', '00', 1, ''),
(111, '00152', '2021-01-04', '13:53:51.000000', '00', 0, ''),
(112, '00152', '2021-01-04', '21:48:11.000000', '00', 1, ''),
(113, '00156', '2021-01-04', '05:54:19.000000', '00', 0, ''),
(114, '00156', '2021-01-04', '13:45:44.000000', '00', 1, ''),
(115, '00157', '2021-01-04', '13:58:37.000000', '00', 0, ''),
(116, '00157', '2021-01-04', '21:48:09.000000', '00', 1, ''),
(117, '00163', '2021-01-04', '05:44:30.000000', '00', 0, ''),
(118, '00163', '2021-01-04', '13:45:26.000000', '00', 1, ''),
(119, '00172', '2021-01-04', '05:54:02.000000', '00', 0, ''),
(120, '00172', '2021-01-04', '13:47:32.000000', '00', 1, ''),
(121, '00173', '2021-01-04', '21:59:38.000000', '00', 0, ''),
(122, '00178', '2021-01-04', '13:58:58.000000', '00', 0, ''),
(123, '00178', '2021-01-04', '21:47:10.000000', '00', 1, ''),
(124, '00179', '2021-01-04', '05:56:23.000000', '00', 0, ''),
(125, '00179', '2021-01-04', '13:48:22.000000', '00', 1, ''),
(126, '00181', '2021-01-04', '14:06:25.000000', '00', 0, ''),
(127, '00181', '2021-01-04', '21:51:42.000000', '00', 1, ''),
(128, '00191', '2021-01-04', '05:54:43.000000', '00', 0, ''),
(129, '00191', '2021-01-04', '13:47:42.000000', '00', 1, ''),
(130, '00195', '2021-01-04', '13:50:12.000000', '00', 0, ''),
(131, '00195', '2021-01-04', '21:48:22.000000', '00', 1, ''),
(132, '00198', '2021-01-04', '21:55:57.000000', '00', 0, ''),
(133, '00200', '2021-01-04', '21:54:00.000000', '00', 0, ''),
(134, '00201', '2021-01-04', '14:00:44.000000', '00', 0, ''),
(135, '00201', '2021-01-04', '21:55:55.000000', '00', 1, ''),
(136, '00206', '2021-01-04', '21:57:35.000000', '00', 0, ''),
(137, '00210', '2021-01-04', '13:54:17.000000', '00', 0, ''),
(138, '00210', '2021-01-04', '21:45:28.000000', '00', 1, ''),
(139, '00213', '2021-01-04', '05:54:21.000000', '00', 0, ''),
(140, '00213', '2021-01-04', '13:45:45.000000', '00', 1, ''),
(141, '00215', '2021-01-04', '21:55:23.000000', '00', 0, ''),
(142, '00222', '2021-01-04', '06:54:54.000000', '00', 0, ''),
(143, '00222', '2021-01-04', '15:33:01.000000', '00', 1, ''),
(144, '00227', '2021-01-04', '13:59:28.000000', '00', 0, ''),
(145, '00227', '2021-01-04', '21:51:30.000000', '00', 1, ''),
(146, '00228', '2021-01-04', '06:05:13.000000', '00', 0, ''),
(147, '00228', '2021-01-04', '13:47:55.000000', '00', 1, ''),
(148, '00233', '2021-01-04', '06:14:47.000000', '00', 1, ''),
(149, '00233', '2021-01-04', '14:09:04.000000', '00', 1, ''),
(150, '00256', '2021-01-04', '06:01:08.000000', '00', 0, ''),
(151, '00256', '2021-01-04', '13:48:13.000000', '00', 1, ''),
(152, '00258', '2021-01-04', '06:02:08.000000', '00', 0, ''),
(153, '00258', '2021-01-04', '13:48:39.000000', '00', 1, ''),
(154, '00263', '2021-01-04', '06:00:15.000000', '00', 0, ''),
(155, '00263', '2021-01-04', '13:46:55.000000', '00', 1, ''),
(156, '00264', '2021-01-04', '14:00:25.000000', '00', 0, ''),
(157, '00264', '2021-01-04', '21:56:29.000000', '00', 1, ''),
(158, '00265', '2021-01-04', '05:54:48.000000', '00', 0, ''),
(159, '00265', '2021-01-04', '13:45:46.000000', '00', 1, ''),
(160, '00269', '2021-01-04', '21:49:47.000000', '00', 0, ''),
(161, '00270', '2021-01-04', '21:57:29.000000', '00', 0, ''),
(162, '00289', '2021-01-04', '21:59:37.000000', '00', 0, ''),
(163, '00296', '2021-01-04', '05:58:03.000000', '00', 0, ''),
(164, '00298', '2021-01-04', '13:57:44.000000', '00', 0, ''),
(165, '00298', '2021-01-04', '21:51:45.000000', '00', 1, ''),
(166, '00299', '2021-01-04', '22:01:13.000000', '00', 0, ''),
(167, '00301', '2021-01-04', '21:58:36.000000', '00', 0, ''),
(168, '00303', '2021-01-04', '21:55:55.000000', '00', 0, ''),
(169, '00309', '2021-01-04', '13:59:30.000000', '00', 0, ''),
(170, '00309', '2021-01-04', '21:46:34.000000', '00', 1, ''),
(171, '00311', '2021-01-04', '05:58:35.000000', '00', 0, ''),
(172, '00311', '2021-01-04', '13:48:48.000000', '00', 1, ''),
(173, '00313', '2021-01-04', '13:57:18.000000', '00', 0, ''),
(174, '00313', '2021-01-04', '21:46:06.000000', '00', 1, ''),
(175, '00314', '2021-01-04', '14:06:24.000000', '00', 0, ''),
(176, '00314', '2021-01-04', '21:45:29.000000', '00', 1, ''),
(177, '00316', '2021-01-04', '14:00:01.000000', '00', 0, ''),
(178, '00316', '2021-01-04', '21:46:28.000000', '00', 1, ''),
(179, '00324', '2021-01-04', '05:56:50.000000', '00', 0, ''),
(180, '00324', '2021-01-04', '13:47:43.000000', '00', 1, ''),
(181, '00327', '2021-01-04', '05:59:47.000000', '00', 0, ''),
(182, '00327', '2021-01-04', '13:45:09.000000', '00', 1, ''),
(183, '00331', '2021-01-04', '13:59:59.000000', '00', 0, ''),
(184, '00331', '2021-01-04', '21:56:22.000000', '00', 1, ''),
(185, '00332', '2021-01-04', '14:07:45.000000', '00', 0, ''),
(186, '00332', '2021-01-04', '21:46:02.000000', '00', 1, ''),
(187, '00335', '2021-01-04', '06:06:00.000000', '00', 0, ''),
(188, '00335', '2021-01-04', '13:45:04.000000', '00', 1, ''),
(189, '00336', '2021-01-04', '14:07:27.000000', '00', 0, ''),
(190, '00336', '2021-01-04', '21:45:30.000000', '00', 1, ''),
(191, '00345', '2021-01-04', '21:49:22.000000', '00', 0, ''),
(192, '00349', '2021-01-04', '05:39:29.000000', '00', 0, ''),
(193, '00349', '2021-01-04', '13:45:34.000000', '00', 1, ''),
(194, '00350', '2021-01-04', '13:56:35.000000', '00', 0, ''),
(195, '00350', '2021-01-04', '21:46:37.000000', '00', 1, ''),
(196, '00352', '2021-01-04', '05:54:45.000000', '00', 0, ''),
(197, '00352', '2021-01-04', '13:49:34.000000', '00', 1, ''),
(198, '00356', '2021-01-04', '21:58:35.000000', '00', 0, ''),
(199, '00362', '2021-01-04', '21:55:42.000000', '00', 0, ''),
(200, '00366', '2021-01-04', '21:55:31.000000', '00', 0, ''),
(201, '00376', '2021-01-04', '21:53:16.000000', '00', 0, ''),
(202, '00388', '2021-01-04', '05:54:56.000000', '00', 0, ''),
(203, '00388', '2021-01-04', '13:46:47.000000', '00', 1, ''),
(204, '00398', '2021-01-04', '13:59:27.000000', '00', 0, ''),
(205, '00398', '2021-01-04', '21:46:31.000000', '00', 1, ''),
(206, '00399', '2021-01-04', '06:00:53.000000', '00', 0, ''),
(207, '00399', '2021-01-04', '13:46:43.000000', '00', 1, ''),
(208, '00407', '2021-01-04', '13:53:54.000000', '00', 0, ''),
(209, '00407', '2021-01-04', '21:48:11.000000', '00', 1, ''),
(210, '00408', '2021-01-04', '14:00:48.000000', '00', 0, ''),
(211, '00408', '2021-01-04', '21:54:23.000000', '00', 1, ''),
(212, '00421', '2021-01-04', '21:29:54.000000', '00', 0, ''),
(213, '00440', '2021-01-04', '05:45:09.000000', '00', 1, ''),
(214, '00440', '2021-01-04', '21:53:40.000000', '00', 0, ''),
(215, '00449', '2021-01-04', '06:51:46.000000', '00', 0, ''),
(216, '00449', '2021-01-04', '15:33:03.000000', '00', 1, ''),
(217, '00454', '2021-01-04', '13:59:56.000000', '00', 0, NULL);

-- --------------------------------------------------------

--
-- Struktura tabeli dla tabeli `pracownik`
--

CREATE TABLE `pracownik` (
  `ID_P` int(11) NOT NULL,
  `Imie` varchar(30) NOT NULL,
  `Nazwisko` varchar(30) NOT NULL,
  `Email` varchar(50) DEFAULT NULL,
  `Dzial` varchar(50) DEFAULT NULL
) ENGINE=InnoDB DEFAULT CHARSET=utf8;

--
-- Zrzut danych tabeli `pracownik`
--

INSERT INTO `pracownik` (`ID_P`, `Imie`, `Nazwisko`, `Email`, `Dzial`) VALUES
(1, 'Dawid', 'Kowal', 'dddddd@www.wp', 'Stolarnia'),
(2, 'Janek', 'Kowalski', 'janek@janek.com 	', 'Tartak'),
(3, 'Maniek', 'Brury', 'test2@test.com', 'Portiernia'),
(4, 'Jan ', 'Kowalski', NULL, 'Stolarnia'),
(5, 'Zdzislaw ', 'Maler', NULL, 'Tartak'),
(6, 'Jan', 'Janosik', 'janosik@jan.com', 'Zbujnicki'),
(7, 'Katarzyna', 'Bik', NULL, 'Stolarnia'),
(8, 'Antoni', 'Antoni', 'pp@pp.com', 'Tartak'),
(9, 'Jan', 'Rokita', NULL, 'Portiernia'),
(10, 'Maciej ', 'Czaban', 'm@m.com', 'Stolarnia'),
(11, 'Zbigniew', 'Chociul', 'wojtek@wojtek.com', 'Tartak');

-- --------------------------------------------------------

--
-- Struktura tabeli dla tabeli `uzytkownicy`
--

CREATE TABLE `uzytkownicy` (
  `ID_U` int(11) NOT NULL,
  `ID_P` int(11) NOT NULL DEFAULT 0,
  `Login` varchar(20) NOT NULL,
  `Haslo` varchar(100) NOT NULL,
  `Email` varchar(50) NOT NULL,
  `Potwierdz_email` int(1) NOT NULL DEFAULT 0,
  `Id_typ` int(11) NOT NULL DEFAULT 0,
  `Kod` varchar(150) DEFAULT NULL
) ENGINE=InnoDB DEFAULT CHARSET=utf8;

--
-- Zrzut danych tabeli `uzytkownicy`
--

INSERT INTO `uzytkownicy` (`ID_U`, `ID_P`, `Login`, `Haslo`, `Email`, `Potwierdz_email`, `Id_typ`, `Kod`) VALUES
(1, 2, 'janek', '11603dcbcfdd6af7d3038770957533bd', 'janek@janek.com', 1, 0, NULL),
(16, 3, 'maniek', '0f948a5b1f8ee4b3c7c45ac8cf8c9154', 'test2@test.com', 1, 2, '166705356862b2ea64d0987'),
(17, 10, 'maciejka', 'b4c3bfa780506c3924c6639f85d0e091', 'm@m.com', 1, 0, NULL),
(19, 0, 'piotr', '99fdb06613cd9b8f328b6cadd98b1c23', 'pepe@pepe.com', 1, 4, NULL);

-- --------------------------------------------------------

--
-- Struktura widoku `czas_lista`
--
DROP TABLE IF EXISTS `czas_lista`;

CREATE ALGORITHM=UNDEFINED DEFINER=`root`@`localhost` SQL SECURITY DEFINER VIEW `czas_lista`  AS SELECT `cp`.`ID_C` AS `id_c`, `uz`.`ID_U` AS `id_u`, `pr`.`ID_P` AS `id_p`, `nt`.`ID_N` AS `id_n`, `pr`.`Imie` AS `imie`, `pr`.`Nazwisko` AS `nazwisko`, `cp`.`Data` AS `data`, `cp`.`Czas` AS `czas`, month(`cp`.`Data`) AS `miesiac`, year(`cp`.`Data`) AS `rok`, `nt`.`Notatka` AS `Notatka` FROM (((`pracownik` `pr` join `czaspracy` `cp` on(`pr`.`ID_P` = `cp`.`ID_P`)) left join `uzytkownicy` `uz` on(`pr`.`ID_P` = `uz`.`ID_P`)) left join `notatki` `nt` on(`cp`.`ID_C` = `nt`.`ID_C`))  ;

-- --------------------------------------------------------

--
-- Struktura widoku `czas_lista_s`
--
DROP TABLE IF EXISTS `czas_lista_s`;

CREATE ALGORITHM=UNDEFINED DEFINER=`root`@`localhost` SQL SECURITY DEFINER VIEW `czas_lista_s`  AS SELECT `czas_lista`.`id_p` AS `ID_P`, `czas_lista`.`imie` AS `imie`, `czas_lista`.`nazwisko` AS `nazwisko`, month(`czas_lista`.`data`) AS `miesiac`, year(`czas_lista`.`data`) AS `rok`, sum(`czas_lista`.`czas`) AS `czas` FROM `czas_lista` GROUP BY `czas_lista`.`id_p`, `czas_lista`.`imie`, `czas_lista`.`nazwisko`, month(`czas_lista`.`data`), year(`czas_lista`.`data`)  ;

--
-- Indeksy dla zrzutów tabel
--

--
-- Indeksy dla tabeli `czaspracy`
--
ALTER TABLE `czaspracy`
  ADD PRIMARY KEY (`ID_C`),
  ADD UNIQUE KEY `cp_spr_idx` (`ID_P`,`Data`);

--
-- Indeksy dla tabeli `kalendarz`
--
ALTER TABLE `kalendarz`
  ADD PRIMARY KEY (`data_k`);

--
-- Indeksy dla tabeli `licznik`
--
ALTER TABLE `licznik`
  ADD UNIQUE KEY `licz_idx` (`i`);

--
-- Indeksy dla tabeli `notatki`
--
ALTER TABLE `notatki`
  ADD PRIMARY KEY (`ID_N`);

--
-- Indeksy dla tabeli `odczyt`
--
ALTER TABLE `odczyt`
  ADD PRIMARY KEY (`id_o`),
  ADD UNIQUE KEY `od_sprawdz_idx` (`wewy`,`numer`,`data_r`,`godzina`,`typ`);

--
-- Indeksy dla tabeli `pracownik`
--
ALTER TABLE `pracownik`
  ADD PRIMARY KEY (`ID_P`),
  ADD UNIQUE KEY `pr_email_idx` (`Email`) USING BTREE;

--
-- Indeksy dla tabeli `uzytkownicy`
--
ALTER TABLE `uzytkownicy`
  ADD UNIQUE KEY `idx_id_u` (`ID_U`),
  ADD UNIQUE KEY `uz_email_idx` (`Email`),
  ADD KEY `uz_id_p_idx` (`ID_P`) USING BTREE;

--
-- AUTO_INCREMENT dla zrzuconych tabel
--

--
-- AUTO_INCREMENT dla tabeli `czaspracy`
--
ALTER TABLE `czaspracy`
  MODIFY `ID_C` int(11) NOT NULL AUTO_INCREMENT, AUTO_INCREMENT=107;

--
-- AUTO_INCREMENT dla tabeli `notatki`
--
ALTER TABLE `notatki`
  MODIFY `ID_N` int(11) NOT NULL AUTO_INCREMENT, AUTO_INCREMENT=15;

--
-- AUTO_INCREMENT dla tabeli `odczyt`
--
ALTER TABLE `odczyt`
  MODIFY `id_o` int(11) NOT NULL AUTO_INCREMENT, AUTO_INCREMENT=218;

--
-- AUTO_INCREMENT dla tabeli `pracownik`
--
ALTER TABLE `pracownik`
  MODIFY `ID_P` int(11) NOT NULL AUTO_INCREMENT, AUTO_INCREMENT=21;

--
-- AUTO_INCREMENT dla tabeli `uzytkownicy`
--
ALTER TABLE `uzytkownicy`
  MODIFY `ID_U` int(11) NOT NULL AUTO_INCREMENT, AUTO_INCREMENT=20;
COMMIT;

/*!40101 SET CHARACTER_SET_CLIENT=@OLD_CHARACTER_SET_CLIENT */;
/*!40101 SET CHARACTER_SET_RESULTS=@OLD_CHARACTER_SET_RESULTS */;
/*!40101 SET COLLATION_CONNECTION=@OLD_COLLATION_CONNECTION */;
